site,machine,temperature_moyenne,temperature_min,temperature_max,nombre_mesures,alertes_critiques
Site_Bordeaux,Machine_A1,61.56,24.56,118.76,43,5
Site_Bordeaux,Machine_A2,58.97,20.48,116.22,43,2
Site_Bordeaux,Machine_B1,56.77,20.74,111.74,57,4
Site_Bordeaux,Machine_B2,54.14,21.8,116.82,46,3
Site_Bordeaux,Machine_C1,56.75,21.66,114.77,45,4
Site_Lyon,Machine_A1,58.12,21.59,117.85,36,4
Site_Lyon,Machine_A2,61.08,22.57,114.75,35,3
Site_Lyon,Machine_B1,54.0,22.82,84.51,34,0
Site_Lyon,Machine_B2,61.91,23.08,112.61,39,3
Site_Lyon,Machine_C1,56.39,22.41,107.16,27,2
Site_Marseille,Machine_A1,50.51,20.31,112.95,52,3
Site_Marseille,Machine_A2,53.25,23.57,83.48,32,0
Site_Marseille,Machine_B1,52.08,20.07,115.25,28,2
Site_Marseille,Machine_B2,53.06,21.08,119.14,39,1
Site_Marseille,Machine_C1,49.23,20.14,82.82,35,0
Site_Paris,Machine_A1,55.62,21.32,113.48,37,3
Site_Paris,Machine_A2,57.46,20.57,84.5,39,0
Site_Paris,Machine_B1,53.03,21.38,81.84,46,0
Site_Paris,Machine_B2,51.43,20.91,114.75,45,3
Site_Paris,Machine_C1,55.48,20.07,101.83,43,3
Site_Toulouse,Machine_A1,55.56,21.01,110.06,43,4
Site_Toulouse,Machine_A2,58.15,25.58,108.44,36,3
Site_Toulouse,Machine_B1,57.01,21.79,116.54,39,5
Site_Toulouse,Machine_B2,52.1,21.26,104.08,49,1
Site_Toulouse,Machine_C1,53.71,21.57,82.25,32,0
